title,company,location,link
Jr Python Developer,DATACUBES,"Schaumburg, IL",https://www.indeed.com/viewjob?jk=8841746e0b7abab7
Python Developer,None,"Foothills, UT",https://www.indeed.com/viewjob?jk=56f22c573d039e6a
Sports Research Analyst,Sportradar AG,"Minneapolis, MN",https://www.indeed.com/viewjob?jk=815396e2b339a820
Junior Python Coder,Social Commerce Ventures,"Austin, TX",https://www.indeed.com/viewjob?jk=9274e2f2d776e4b4
Jr Pipeline Technical Director (Python),None,"Santa Monica, CA",https://www.indeed.com/viewjob?jk=b006feaab7bc6ffd
Quantitative Analyst,NHL Seattle,"Seattle, WA",https://www.indeed.com/viewjob?jk=a51575dd641610ec
Python Developer,Akra Tech,Remote,https://www.indeed.com/viewjob?jk=b4746b42ba857a6b
Data Scientist - Entry Level,Numerdox,"Sacramento, CA",https://www.indeed.com/viewjob?jk=21091c4562d65586
Python Engineer,None,"Minneapolis, MN",https://www.indeed.com/viewjob?jk=fb3b3cb557d79a05
Jr-Mid Python Developer,Vanjure,"Knoxville, TN",https://www.indeed.com/viewjob?jk=17063c1789a00f31
Senior Python Engineer - Remote,None,United States,https://www.indeed.com/viewjob?jk=b5f5f1ba998e389d
Software Engineer - Python/Django (Remote),None,Remote,https://www.indeed.com/viewjob?jk=c1ec2e8c70f040ba
Research and Development Intern,None,"Saint Petersburg, FL",https://www.indeed.com/viewjob?jk=1a8945d2aea431b2
Entry Level Data Scientist,None,United States,https://www.indeed.com/viewjob?jk=267e7cf7de2959c7
Research Scientist,None,"Billerica, MA",https://www.indeed.com/viewjob?jk=c933f49164b051f9
Python/Pyspark,Ace-stack LLC,"Carlsbad, CA",https://www.indeed.com/viewjob?jk=3056c850a1172275
Junior Python Developer - Equinox Fitness,None,"New York, NY",https://www.indeed.com/viewjob?jk=0e80b23b7536f00e
Network Test Engineer-Python,None,"Fremont, CA",https://www.indeed.com/viewjob?jk=b7299a22b5850cca
Windows Test Technician,None,"San Diego, CA",https://www.indeed.com/viewjob?jk=12db6cf88861faf2
Python Developer,None,"Los Angeles, CA",https://www.indeed.com/viewjob?jk=3dde5b9a870e53f4
"Internships, Nickelodeon Animation Technology - Summer 2020",None,United States,https://www.indeed.com/viewjob?jk=3ceeea8c47a632bd
"Intern, Baseball Analytics (Full-Season)",None,"Jupiter, FL",https://www.indeed.com/viewjob?jk=daa6cc201c26ae2a
CHATBOT PYTHON DEVELOPER,Talan,"New York, NY",https://www.indeed.com/viewjob?jk=0a59e760e8cf016c
Python Software Intern,None,"Boston, MA",https://www.indeed.com/viewjob?jk=b5495b795ecf1b47
Python Developer,IQ Hunt,"Bloomington, MN",https://www.indeed.com/viewjob?jk=00244ee7f91b51bb
Python Developer,Callsign Media,"Las Vegas, NV",https://www.indeed.com/viewjob?jk=345e22ca6e583be5
Python Developer,Highbrow Technologies,"Bellevue, WA",https://www.indeed.com/viewjob?jk=70912d7ae92ee088
Baseball Research Analyst,None,"Cincinnati, OH",https://www.indeed.com/viewjob?jk=c59c50e7cd8151cb
"COMPUTATIONAL SCIENTIST, INSTITUTE FOR PERSONALIZED CANCER THERAPY (JAVA & PYTHON)",None,"Houston, TX",https://www.indeed.com/viewjob?jk=0452a6375f1a065f
Python Developer,Cybernetic Search,"Denver, CO",https://www.indeed.com/viewjob?jk=8a7d90d06565a195
Python Developer,Sofmen,"Saratoga, CA",https://www.indeed.com/viewjob?jk=ed40837b3b7e248d
Mid-Level Python Developer,None,"Chicago, IL",https://www.indeed.com/viewjob?jk=78fc6656670b366a
Python Programmer,Netflix Animation,"New York, NY",https://www.indeed.com/viewjob?jk=d73ba02b056fb630
"Computational Biologist, Singer Group",None,"Boston, MA",https://www.indeed.com/viewjob?jk=b1c46a6b9e706c19
PYTHON DEVELOPER,Pythonwise,"Seattle, WA",https://www.indeed.com/viewjob?jk=1a20a1c56fb7df73
Software Engineer / Python Developer,Ace-stack LLC,"Irving, TX",https://www.indeed.com/viewjob?jk=66525a0719aa7864
3D Modeling & Texturing Artist / Workflow Expert,None,"Culver City, CA",https://www.indeed.com/viewjob?jk=4c787b1daf47dff5
Software Engineers & Web Developers,1DocWay,"New York, NY",https://www.indeed.com/viewjob?jk=597b9830f39b5420
SR PYTHON DEVELOPER,None,"Houston, TX",https://www.indeed.com/viewjob?jk=3f8c2780539795ca
Python Developer,None,"Columbus, OH",https://www.indeed.com/viewjob?jk=7547c0b10c8d2e67
Python Developer,None,"Houston, TX",https://www.indeed.com/viewjob?jk=fb0a6ed1f40c5d83
Postdoctoral Scholar,None,"Chapel Hill, NC",https://www.indeed.com/viewjob?jk=6eeed1f3dd1843d0
Player Development Coach,None,"Lakeland, FL",https://www.indeed.com/viewjob?jk=c5958238b7c2567a
Python & Django Software Developer,Adroiti Technologies,"Marina del Rey, CA",https://www.indeed.com/viewjob?jk=c0b24d1181eea9aa
Python Developer,None,"Washington, DC",https://www.indeed.com/viewjob?jk=ba9aef09b4a3fa82
3D MODELER,Gradient Effects,"Los Angeles, CA",https://www.indeed.com/viewjob?jk=0eddc19b6d5c9629
Entry Level Physical Scientist,None,"Egg Harbor Township, NJ",https://www.indeed.com/viewjob?jk=ce8841a4fd878c93
Python developer,VAUXOO,"Colima, GA",https://www.indeed.com/viewjob?jk=f7669fcbd77ecd11
LTE Network Test Engineer-Python/Java,None,"Fremont, CA",https://www.indeed.com/viewjob?jk=b5140182fd2ee183
"PhP/PYTHON DEVELOPER, #10561",InspiHER Tech,"Chicago, IL",https://www.indeed.com/viewjob?jk=f15aded7eb3d1958
Python Developer,Akra Tech,Remote,https://www.indeed.com/viewjob?jk=b4746b42ba857a6b
Game Mathematician,Adriyana Solutions,Remote,https://www.indeed.com/viewjob?jk=1d4c9129079e7d41
"Contract Tech Writer, software developer doc; $50/hr W2, flex-time, 100% remote.",Synergistech,United States,https://www.indeed.com/viewjob?jk=e5eea03ecaf26a9f
Software Engineer - Python/Django (Remote),None,Remote,https://www.indeed.com/viewjob?jk=c1ec2e8c70f040ba
Data Scientist - Entry Level,Numerdox,"Sacramento, CA",https://www.indeed.com/viewjob?jk=21091c4562d65586
"Intern, Baseball Analytics (Full-Season)",None,"Jupiter, FL",https://www.indeed.com/viewjob?jk=daa6cc201c26ae2a
Software Engineer Apprentice,None,"Atlanta, GA",https://www.indeed.com/viewjob?jk=89d3ae34cfcb8c1a
Global Technology Internship,None,"Beaverton, OR",https://www.indeed.com/viewjob?jk=ccd6e7b73cccc2d2
Entry Level Data Scientist,None,United States,https://www.indeed.com/viewjob?jk=267e7cf7de2959c7
Data Scientist Intern,None,"Bellevue, WA",https://www.indeed.com/viewjob?jk=6ff1abf475220e78
Full Time Opportunities for Students or Recent Graduates: Finance Rotation Program Analyst,None,"Redmond, WA",https://www.indeed.com/viewjob?jk=fae6795c6ca89e3f
Mid-Level Python Developer,None,"Chicago, IL",https://www.indeed.com/viewjob?jk=78fc6656670b366a
